mae,mse,r2,model,data,blocks,kernel_size,optimizer,padding,stride,value,learning_rate,modelSeed,modelname,best_mae,num_epochs,best_r2,best_mse,fold
0.18809522688388824,0.0982484444975853,0.6981825232505798,kFoldModel,artificial,4,7,SGD,4,2,0.1656641100753788,0.03691704545454545,81,kFoldModel,0.15040355026721955,72,0.8080768465995789,0.06096554398536682,0
0.13594676554203033,0.05244537070393562,0.7608048319816589,kFoldModel,artificial,4,7,SGD,4,2,0.19427350057999998,0.03915916666666667,73,kFoldModel,0.17597744464874268,74,0.7339303135871887,0.08945409953594208,1
0.17230388522148132,0.0745333880186081,0.7623564004898071,kFoldModel,artificial,4,7,SGD,4,2,0.18438305799833332,0.034735166666666664,74,kFoldModel,0.1610824555158615,68,0.760543143749237,0.07921078279614449,2
0.12986285984516144,0.06814414262771606,0.8071411848068237,kFoldModel,artificial,4,7,SGD,4,2,0.17705123586045454,0.032744810606060604,69,kFoldModel,0.1683303475379944,65,0.7885442852973938,0.0731612429022789,3
0.13339769840240479,0.047066830098629,0.8642561435699463,kFoldModel,artificial,4,7,SGD,4,2,0.19293294082583334,0.03202658333333334,73,kFoldModel,0.1712496042251587,55,0.7545592188835144,0.08284591808915139,4
