mae,mse,r2,model,data
0.053079307079315186,0.005957880988717079,0.9817051887512207,allDataModel,artificial
0.07926256954669952,0.01881551742553711,0.9500123858451843,allDataModel,real